index,Title,Author,Year,Topic_old,Topic_new,Subtopic #1,Subtopic #2,Goal_old,Goal_new,User,COVID19,Context: Online,Context: Offline,Media_Mix,Interactive,Type,Tool,Picture,Sonification_Art_Blog,Link,Link_to_Sonification_Art_Blog,Preview of the sonification on website,Thumbnail Image,Link to news,Link to explanation,Picture_name
,San Giovanni Elemosinario,Jon Bellona and students,2013,,Architecture,,,,Education,,,,,,,Parameter Mapping,,,1,https://vimeo.com/77712677,,,,,,SanGiovanni
,Body Language - How pop musicians sing about the body,Brian Foo,2015,Music,Art,,,Art,Art,,,Player,,Yes,No,Parameter Mapping,,,,https://vimeo.com/149371070,,Sonifcation is a video,https://vimeo.com/149371070,https://datadrivendj.com/tracks/body/,,Body Language - How pop musicians sing about the body
,Lee and Jackson,Brian Foo,2015,Fine Arts,Art,,,Art,Art,,,Player,,Yes,No,Parameter Mapping,,,,https://vimeo.com/129123456,,Sonifcation is a video,https://vimeo.com/129123456,https://datadrivendj.com/tracks/painters/,,Lee and Jackson
,Mesh,Inouk Demers,2017,,Art,,,,Inclusivity,,,,,,,Model Sonification,,,1,https://www.youtube.com/watch?v=1MIQs8NSfWI&utm_content=buffer3c76e&utm_medium=social&utm_source=twitter.com&utm_campaign=buffer,,,,,,MESH
,Piano Piece,Judy Twet,2019,Climate Change,Climate Change,,,Public Engagement,Public Engagement,Public,,,Public Venue (live performance),No,No,Parameter Mapping,,,,https://www.youtube.com/watch?v=eYXxAE5grRQ,,You can listen to the sonification live on TED video,No,,,Piano Piece
,Shifting Apple Blossom in Bremen - Data Sonification with a Music Box,Katja Striedelmeyer,2019,Climate Change,Climate Change,,,Public Engagement,Public Engagement,,,,,,,Parameter Mapping,,,,https://vimeo.com/326617760,,,,,,Shifting Apple Blossom in Bremen - Data Sonification with a Music Box
,Hear Climate Data Turned Into Music,Chris Chafe of the Center for Computer Research in Music and Acoustics at Stanford,2018,Climate Change,Climate Change,,,Public Engagement,Public Engagement,Public,,Player,,Yex/VIdeo,No,Parameter Mapping,,,,https://www.youtube.com/watch?time_continue=26&v=ONuA9HmkF3M&feature=emb_logo,,Sonifcation is a video,https://www.youtube.com/watch?v=ONuA9HmkF3M&feature=emb_logo,,,Hear Climate Data Turned Into Music
,Climate Symphony,Jamie Perera,2017,Climate Change,Climate Change,,,Public Engagement,Public Engagement,Public,,Player,Public Venue (live performance),Yes/Video,No,Parameter Mapping,,,,https://soundcloud.com/disobedientfilms,,Sonification is on Soundcloud,No,https://www.disobedientfilms.com/climate-change-data-is-being-transformed-wired,,Climate Symphony
,Near Surface Environmentally Forced Changes in the Ross Ice Shelf Observed With Ambient Seismic Noise,,2016,Climate Change,Climate Change,,,Scientific Investigation,Research,Domain Experts,,,Research Lab,Yes/Graphics,No,Audification,,,,https://www.washingtonpost.com/video/national/health-science/listen-to-an-ice-shelf-melting/2018/10/21/8c17711e-d55d-11e8-8384-bcc5492fef49_video.html?itid=lk_inline_manual_7,,Cannot listen to the sonification,https://www.washingtonpost.com/video/national/health-science/listen-to-an-ice-shelf-melting/2018/10/21/8c17711e-d55d-11e8-8384-bcc5492fef49_video.html,https://www.washingtonpost.com/energy-environment/2018/10/22/listen-eerie-song-antarctica-melting/,https://agupubs.onlinelibrary.wiley.com/doi/full/10.1029/2018GL079665,Near Surface Environmentally Forced Changes in the Ross Ice Shelf Observed With Ambient Seismic Noise
,"Planetary Bands, Warming World",Daniel Crawford&Scott S. George/University of Minnesota,2015,Climate Change,Climate Change,,,Public Engagement,Public Engagement,Public,,Player,Public Venue (live performance),No,No,Parameter Mapping,,,,https://vimeo.com/127083533,,Sonifcation is a video,https://vimeo.com/127083533,https://www.co2.earth/global-warming-music-for-string-quartet,,"Planetary Bands, Warming World"
,A Song of Our Warming Planet,Daniel Crawford&Scott S. George/University of Minnesota,2013,Climate Change,Climate Change,,,Public Engagement,Public Engagement,Public,,Player,Public Venue (live performance),No,No,Parameter Mapping,,,,https://vimeo.com/69122809#at=191,,Sonifcation is a video,https://vimeo.com/69122809#at=191,https://www.co2.earth/global-warming-music-for-string-quartet,,A Song of Our Warming Planet
,The Climate Symphony,Marty Quinn,2007,Climate Change,Climate Change,,,Public Engagement,Public Engagement,,,,,,,Parameter Mapping,,,n,https://www.youtube.com/watch?v=BbEUAnRZVW4,https://goo.gl/orNC3J,,,,,The Climate Symphony
,The Natural Lottery,Duncan Geere & Miriam Quick (Loud Numbers),2021,,Climate Change,,,,Public Engagement,,,,,,,Parameter Mapping,,,,https://anchor.fm/loudnumbers/episodes/The-Natural-Lottery-e11v806,,,,,,The Natural Lottery
,Treshold,Nelson Guda,2015,,Climate Change,,,,Art,,,,,,,Parameter Mapping,,,1,https://goo.gl/d4yRbJ,,,,,,Threshold
,Sonification of Atmospheric Carbon Dioxide in PPM (1958-2008),Aedes Aegypti (Jonathan Eiseman),2016,,Climate Change,,,,Public Engagement,,,,,,,Parameter Mapping,,,1,https://soundcloud.com/aedesaegypti-musician/atmospheric-carbon-dioxide-in-ppm-1958-2008,,,,,,n
,Sonification of Alaskan forest changes,Nik Sawe and Lauren Oakes,2016,,Climate Change,,,,Research,,,,,,,Parameter Mapping,,,1,https://www.theatlantic.com/science/archive/2016/09/this-is-the-sound-of-a-forest-changing/499802/,,,,,,n
,Sorting algorithms,Timo Bingmann,2013,Computer Science,Computer Science,,,Data Analysis,Data Analysis,Domain Experts,,Player,Research Lab,Yes/Video,No,Parameter Mapping,,,,https://www.youtube.com/watch?v=kPRA0W1kECg,,Sonifcation is a video,https://www.youtube.com/watch?v=kPRA0W1kECg,,https://panthema.net/2013/sound-of-sorting/,Sorting algorithms
,What different sorting algorithms sound like,andrut,2010,Computer Science,Computer Science,,,Data Analysis,Data Analysis,Domain Experts,,Player,,,,Parameter Mapping,,,,https://www.youtube.com/watch?v=t8g-iYGHpEA,,Sonifcation is a video,https://www.youtube.com/watch?v=t8g-iYGHpEA,,,What different sorting algorithms sound like
,Listening Post,Mark Hansen and Ben Rubin ,2001,,Computer Science,,,,Art,,,,,,,Audification,,,1,https://goo.gl/VJ3gnY,,,,,,Listening Post
,Sonification for cyber-attacks on water distribution systems,"Sara Lenzi, Ginevra Terenghi, Riccardo Taormina, Stefano Galelli, Paolo Ciuccarelli",2019,Networks Management,Cybersecurity,,,Data Monitoring,Monitoring,,,,,,,Parameter Mapping,,,,https://ginevraterenghi.github.io/sonifying-cyber-attacks/index.html,,,,,,Sonification for cyber-attacks on water distribution systems
,SoNSTAR,Paul Vickers,2017,Cybersecurity,Cybersecurity,,,Decision Making,Monitoring,Domain Experts,,,Security Operations Center,,,Parameter Mapping,,n,,https://zenodo.org/record/1072535#.X6E4mJNKhTY,,Sonification can be downloaded from the page,No,,https://paulvickers.github.io/SoNSTAR/,SoNSTAR
,An Instrument for the Sonification of Everday Things,Denis P Paul,2012,Design,Design,,,Art,Art,,,,,,,Parameter Mapping,,,1,https://goo.gl/LhZuvW,,,,,,An Instrument for the Sonification of Everday Things
,HRTF Bells,Stephen Barrass,2011,,Design,,,,Research,,,,,,,Acoustic Sonification,,,,https://sonification.com/2012/10/08/digital-fabrication-of-acoustic-sonifications/,,,,,,HRTF Bells
,Unemployment rate,Jordan Wirfs-Brock,2020,Economy,Economics,,,Public Engagement,Public Engagement,Public,,Radio Streaming,,No,No,Parameter Mapping,,,,https://www.marketplace.org/2020/06/24/heres-what-the-crescendo-of-unemployment-sounds-like/,,Sonification is within the podcast episode,No,https://www.marketplace.org/2020/06/24/heres-what-the-crescendo-of-unemployment-sounds-like/,,Unemployment rate
,Electric Acoustic,"Gray Crawford, Shengzhi Wu, Devika Singh, and Dan Lockton",2018,Energy consumption,Energy,,,Public Engagement,Public Engagement,,,,,,,Parameter Mapping,,,,http://imaginari.es/electric-acoustic-exploring-energy-as-a-design-material-through-sonic-and-vibration-displays/,,,,,,Electric Acoustic
,Powerchord,"Dan Lockton, Flora Bowden, Rama Gheerawo, Clare Brass, Claire Matthews",2014,Energy consumption,Energy,,,Process Monitoring,Monitoring,,,,,,,Parameter Mapping,,,,http://danlockton.com/powerchord-experiments-in-energy-sonification/,,,,,,Powerchord
,Sound of the Office,Dan Lockton,2014,Energy consumption,Energy,,,Process Monitoring,Monitoring,,,,,,,Parameter Mapping,,,,http://architectures.danlockton.co.uk/2014/03/08/work-in-progress-ambient-audible-energy-data/,,,,,,Sound of the Office
,Carbon Composition,Guy Evans,2010,,Energy,,,,Education,,,,,,,Audification,,,1,https://vimeo.com/47297721,,,,,,CarbonComposition
,The Sound of Crowns and Tears,Simon Huwiler,2021,Epidemiology,Epidemiology,,,Public Engagement,Public Engagement,,1,,,,,Parameter Mapping,,,,https://www.youtube.com/watch?v=DqfrOPs2pKM,,,,,,Covid-19 visualization with a music box
,COVID19 data sonification,Chelidon Frame,2020,Epidemiology,Epidemiology,,,Public Engagement,Public Engagement,Public,1,Website,,Yes/Graphics,No,Model Sonification,,,,https://covid19-data-sonification.space/,,Sonification is an interactive webpage,https://covid19-data-sonification.space/,,,COVID19 data sonification
,Every UK COVID19 data sonification Death by Day - from March 5th 2020 to June 23rd 2020,Jamie Pereira,2020,Epidemiology,Epidemiology,,,Public Engagement,Public Engagement,Public,1,Player,,No,No,Parameter Mapping,,,,https://soundcloud.com/jamieperera/sonification-every-uk-covid-19-death-by-day,,Sonification is on Soundcloud,No,,,Every UK COVID19 data sonification Death by Day - from March 5th 2020 to June 23rd 2020
,Viral Counterpoint of the COVID19 Spike Protein,"Markus J. Buehler, MIT",2020,Epidemiology,Epidemiology,,,Scientific Investigation,Research,Domain Experts,1,Player,,No,No,Parameter Mapping,,,,https://soundcloud.com/user-275864738/viral-counterpoint-of-the-coronavirus-spike-protein-2019-ncov?in=user-275864738/sets/protein-counterpoint,,Sonification is on Soundcloud,No,,,Viral Counterpoint of the COVID19 Spike Protein
,Multi-modal COVID19 analytics,Stephen Roddy,2020,Epidemiology,Epidemiology,,,Data Analysis,Data Analysis,Public,1,Website,,Yes,Yes,Parameter Mapping,,,,https://stephenroddy.github.io/data-scape/,,Sonification is an interactive webpage,https://stephenroddy.github.io/data-scape/,,,Multi-modal COVID19 analytics
,COVID19 spreading rates,TULP interactive,2020,Epidemiology,Epidemiology,,,Public Engagement,Public Engagement,,1,,,,,Parameter Mapping,,,,http://covidspreadingrates.org/,,,,,,COVID19 spreading rates
,Coronavirus: How can we imagine the scale of Covid's death toll?,BBC News,2020,Epidemiology,Epidemiology,,,Public Engagement,Public Engagement,,1,,,,,Parameter Mapping,,,,https://www.bbc.co.uk/news/resources/idt-7464500a-6368-4029-aa41-ab94e0ee09fb,,,,,,Coronavirus - How can we imagine the scale of Covid's death toll
,Sonification of COVID19 data,Romain Vuillemot,2020,Epidemiology,Epidemiology,,,Public Engagement,Public Engagement,,1,,,,,Parameter Mapping,,,,https://observablehq.com/@romsson/sonification-of-covid-19-data,,,,,,Sonification of COVID-19 data
,deathIncrease,Yann Seznec,2020,Epidemiology,Epidemiology,,,Public Engagement,Public Engagement,,1,,,,,Parameter Mapping,,,,https://www.yannseznec.com/works/deathincrease/,,,,,,deathIncrease
,Vox Aeterna - The COVID Variations,Rafael Bresciani,2021,,Epidemiology,,,,Public Engagement,,1,,,,,Parameter Mapping,,,,https://rafaelbresciani.com/voxaeterna,,,,,,Vox Aeterna
,Stock Market Data,Jordan Wirfs-Brock,2020,Finance,Finance,,,Public Engagement,Public Engagement,Public,,Radio Streaming,,No,No,Parameter Mapping,,,,https://www.marketplace.org/2020/03/31/the-sounds-of-a-volatile-stock-market/,,Sonification is within the podcast episode,No,https://medium.com/cuinfoscience/sounds-of-a-volatile-stock-market-39ba135faa63,,Stock Market Data
,Turning the yield curve into," Alan Smith, FT",2019,Finance,Finance,,,Data Analysis,Data Analysis,,,,,,,Parameter Mapping,,,,https://www.ft.com/content/80269930-40c3-11e9-b896-fe36ec32aece,,,,,,Turning the yield curve into
,The sound of a falling currency,"Neal Razzell, BBC",2017,Finance,Finance,,,Data Journalism,Data Journalism,,,,,,,Parameter Mapping,,,n,https://goo.gl/XXAt4t,https://goo.gl/tKU8m2,,,,,The sound of a falling currency
,Chains,Daito Manabe,2016,Finance,Finance,,,Art,Art,,,,,,,Model Sonification,,,1,https://goo.gl/d2jwXR,,,,,,Chains
,The Sound of the Economy: Data Sonification and the Cheeseburger Index,"Matt Kenney, Foreign Affairs",2016,Finance,Finance,,,Data Journalism,Data Journalism,,,,,,,Parameter Mapping,,n,1,https://www.foreignaffairs.com/articles/2016-04-04/sound-economy-data-sonification-and-cheeseburger-index,,,,,,The Sound of the Economy: Data Sonification and the Cheeseburger Index
,Deutsche Bank stock fluctuations made into music,Benedict Eris Carey,2016,Finance,Finance,,,Art,Art,,,,,,,Parameter Mapping,,,1,https://goo.gl/SFSXrp,,,,,,Deutsche Bank stock fluctuations made into music
,Silk,Dmitry Morozov,2015,Finance,Finance,,,Art,Art,,,,,,,Parameter Mapping,,,1,https://goo.gl/AEp58d,,,,,,Silk
,FMS Symphony,CSV Soundsystem,2013,Finance,Finance,,,Art,Art,,,,,,,Parameter Mapping,,,n,https://goo.gl/UP2JjM,https://sonificationart.wordpress.com/2017/06/03/fms-symphony/,,,,,FMS Symphony
,"sMax, a toolkit for financial data sonification",Fabio Cifariello Ciardi,2010,Finance,Finance,,,Art,Art,,,,,,,Parameter Mapping,,n,,https://www.icad.org/websiteV2.0/Conferences/ICAD2004/posters/ciardi.pdf,,,,,,"sMax, a toolkit for financial data sonification"
,Max/MSP Stock Market Sonification,Ben Craven,2010,Finance,Finance,,,Art,Art,,,,,,,Parameter Mapping,,,,https://goo.gl/4k4Jby,,,,,,StockMarketSonification
,Share Market,David Worrall,2009,Finance,Finance,,,Data Analysis,Data Analysis,,,,,,,Parameter Mapping,,,,http://www.avatar.com.au/share-market-2/,,,,,,Share Market
,Playing the lottery in plano,Warren Burt,2009,Finance,Finance,,,Art,Art,,,,,,,Parameter Mapping,,n,n,https://goo.gl/ZrEkOT,https://goo.gl/4EvLYn,,,,,Playing the lottery in plano
,Stock Market Music,Patrick Sebastien Coulombe,2009,Finance,Finance,,,Art,Art,,,,,,,Parameter Mapping,,,1,https://goo.gl/yyaqOi,,,,,,Stock Market Music
,Stock Exchange Piece,Matthieu Saladin,2007,Finance,Finance,,,Art,Art,,,,,,,Parameter Mapping,,n,n,https://goo.gl/DdHrv6,https://goo.gl/cVQxB6,,,,,Stock Exchange Piece
,Sound of Money,Helena Davidova,2012,,Finance,,,,Data Analysis,,,,,,,Parameter Mapping,,,1,https://goo.gl/BXPLE3,,,,,,SoundofMoney
,Bitlisten (Listen to Bitcoin),Maximillian Laumeister ,2013,,Finance,,,,Data Analysis,,,,,,,Parameter Mapping,,,1,https://goo.gl/KExBnh,,,,,,Bitlisten
,Vapourwaves,Samuel Van Ransbeeck,2015,,Finance,,,,Data Analysis,,,,,,,Parameter Mapping,,,1,https://goo.gl/7o1iNz,,,,,,Vapourwaves
,London Fix,Tom Hamilton,2003,,Finance,,,,Art,,,,,,,Parameter Mapping,,,1,https://muse-eek.com/tom-hamilton-london-fix/,https://sonificationart.wordpress.com/2017/05/30/london-fix-making-sound-out-of-gold/,,,,,London Fix
,Credit Synthesis,Jonathan Vingiano,2009,,Finance,,,,Art,,,,,,,Parameter Mapping,,,1,https://www.youtube.com/watch?v=gqb1RECW2vo,,,,,,CreditSynthesis
,Market Music,CNN Money,2014,,Finance,,,,Data Journalism,,,,,,,Parameter Mapping,,,1,https://www.youtube.com/watch?v=9JR1bflmC20&t=78s,,,,,,MarketMusic
,Tasting Notes,Duncan Geere & Miriam Quick (Loud Numbers),2021,,Food and Beverage,,,,Public Engagement,,,,,,,Parameter Mapping,,,,https://anchor.fm/loudnumbers/episodes/Tasting-Notes-e12jab3,,,,,,Tasting Notes
,Tower of Hanoi,Phillp Hermans,2018,Gaming,Gaming,,,Education,Education,,,,,,,Parameter Mapping,,,,http://philliphermans.com/hanoi/,,,,,,Tower of Hanoi
,"Shallow Brown, The Musical Chess Engine",Jim Bumgardner,2009,Gaming,Gaming,,,Art,Art,Public,,Player,Public Venue (live performance),No,Yes,Parameter Mapping,,,,https://krazydad.com/ShallowBrownSample.mp3,,You can listen to an mp3 of the sonification on the webpage,No,,,"Shallow Brown, The Musical Chess Engine"
,Kasparov vs Deep Blue,Jim Bumgardner,2009,Gaming,Gaming,,,Art,Art,Public,,Player,Public Venue (live performance),No,Yes,Parameter Mapping,,,,https://krazydad.com/Kasparov_v_DeepBlue_Excerpt2.mp3,,You can listen to an mp3 of the sonification on the webpage,,,,Kasparov vs Deep Blue
,Sonification of Go,Peter Tigges,2012,,Gaming,,,,Research,,,,,,,Parameter Mapping,,,1,https://soundcloud.com/peter-tigges/sonification-of-go,,,,,,n
,Di Protonie Dati,HER: She Loves Data,2021,Health,Health,,,Art,Art,,,,,,,Parameter Mapping,,,,https://www.he-r.it/project/di-protoni-e-dati/,,,,,,Di Protonie Dati
,Care Tunes for Families,Chen Chou,2020,Healthcare,Health,,,Public Engagement,Public Engagement,Public,1,Mobile App,,Yes/Graphics,Yes,Parameter Mapping,,,,https://www.youtube.com/watch?v=RXihb7dWx4o&feature=emb_title,,You cannot really listen to the sonification,https://www.tudelft.nl/en/stories/articles/how-the-intensive-care-brings-music-to-your-ears/,https://www.tudelft.nl/en/stories/articles/how-the-intensive-care-brings-music-to-your-ears/,,Care Tunes for Families
,The Silent Cries of China Depressed Netizens,Liu Chang,2019,Public Health,Health,,,Public Engagement,Public Engagement,,,,,,,Parameter Mapping,,,,http://www.sixthtone.com/news/1004543/the-silent-cries-of-chinas-depressed-netizens,,,,,,The Silent Cries of China Depressed Netizens
,Skin cancer detection by sonification,Avi Dascalu and Eli David,2019,Medicine,Health,,,Data Analysis,Data Analysis,,,,,,,Parameter Mapping,,n,,https://www.thelancet.com/journals/ebiom/article/PIIS2352-3964(19)30294-4/fulltext,,,,,,Skin cancer detection by sonification
,Making music from diabetes data,,2017,Health,Health,,,Public Engagement,Public Engagement,Public,,Player,,No,No,Parameter Mapping,,,,https://music.apple.com/us/album/iddm-ep/1393080657,,Sonifcation is a video,No,https://www.youtube.com/watch?v=Kt1Yhb8fZj8&sns=tw,,Making music from diabetes data
,Rhapsody in Grey,Brian Foo,2015,Health,Health,,,Art,Art,,,Player,,Yes,No,Parameter Mapping,,,,https://vimeo.com/121042482,,Sonifcation is a video,https://vimeo.com/121042482,https://datadrivendj.com/tracks/brain/,,Rhapsody in Grey
,Cove App,Humane Engineering,2015,Health,Health,,,Education,Education,,,,,,,Model Sonification,,,,http://www.cove-app.com/,,,,,,cover
,One Year of Suicide in Japan for Piano,Rory Viner ,2014,,Health,,,,Art,,,,,,,Parameter Mapping,,,1,https://soundcloud.com/rory-viner/one-year-of-suicide-statistics,,,,,,SuicideJapan
,TransProse,Hannah Davis,2013,Digital Humanities,Humanities,,,Digital Humanities,Research,,,,,,,Parameter Mapping,,,,http://www.musicfromtext.com/,,,,,,TransProse
,Sonic Word Cloud ,Daniel Ruten,2017,,Humanities,,,,Data Analysis,,,,,,,Audification,,,1,https://danielruten.wordpress.com/2017/04/15/sonic-word-clouds-an-experiment-with-data-sonification-part-i-introduction/,,,,,,Sonic Word Clouds
,Data Waltz,Hatnote,2017,Digital Media,Internet,,,Public Engagement,Public Engagement,Public,,,Public Venue (interactive installation),Yes/Installation,Yes,Model Sonification,,,,https://vimeo.com/208084520,,Sonifcation is a video,https://architizer.com/projects/data-waltz/,https://architizer.com/projects/data-waltz/,,Data Waltz
,Echo,Binaura collective,2016,Digital Media,Internet,,,Art,Art,,,,,,,Parameter Mapping,,,1,https://goo.gl/jNiKhH,,,,,,Echo
,NetSon,David Worrall and Fraunhofer Institute,2015,Networks Management,Internet,,,Process Monitoring,Monitoring,,,,,,,Parameter Mapping,,,,http://www.avatar.com.au/netson/,,,,,,NetSon
,Corpo Real,David Worrall and Udo Rink,2015,Networks Management,Internet,,,Art,Art,,,,,,,Parameter Mapping,,,,http://www.avatar.com.au/corpo-real/,,,,,,Corpo Real
,Phantom Terrains,Frank Swain and Daniel Jones,2014,Networks Management,Internet,,,Public Engagement,Public Engagement,,,,,,,Parameter Mapping,,,1,https://goo.gl/rHrFMv,,,,,,Phantom Terrains
,Specimen Box,Office for Creative Reserach and Microsoft,2014,Internet,Internet,,,Public Engagement,Public Engagement,,,,,,,Parameter Mapping,,,1,https://goo.gl/5fGj33,,,,,,Specimen Box
,Listen to Wikipedia,Hatnote,2012,Digital Media,Internet,,,Public Engagement,Public Engagement,Public,,Website,,Yes/Visuals,Yes,Model Sonification,,,,http://listen.hatnote.com/,,Sonification is an interactive webpage,http://listen.hatnote.com/,,,Listen to Wikipedia
,WikiIRC ou la sonification de Wikipedia,"Baudu, Templier & Bloques",2012,Digital Media,Internet,,,Art,Art,,,,,,,Parameter Mapping,,,1,https://goo.gl/5qZZq0,,,,,,WikiIRC ou la sonification de Wikipedia
,The Pirate Cinema,Nicolas Maigret,2012,Internet,Internet,,,Art,Art,,,,,,,Parameter Mapping,,,1,https://goo.gl/yrIqwM,,,,,,The Pirate Cinema
,Leech,Curtis McKinney & Alain Renaud,2011,Internet,Internet,,,Public Engagement,Public Engagement,,,,,,,Parameter Mapping,,,1,https://goo.gl/fsKseR,,,,,,Leech
,Maelstrom,Jones & Bulley,2011,Internet,Internet,,,Art,Art,,,,,,,Parameter Mapping,,,1,https://goo.gl/VImH2h,,,,,,Maelstrom
,Submap Ebullation 2.0,"Feles Daniel, Gergely Krisztian, Kiss Laszlo",2010,Digital Media,Internet,,,Art,Art,,,,,,,Parameter Mapping,,,1,https://goo.gl/Ar31BG,,,,,,Submap Ebullation
,N.A.G. (Network Auralization for Gnutella),Jason Freeman,2003,Networks Management,Internet,,,Art,Art,,,,,,,Parameter Mapping,,n,n,https://goo.gl/poZKfi,https://goo.gl/RgOkq0,,,,,N.A.G. (Network Auralization for Gnutella)
,Sonification of you,Martin John Callanan,2006,,Internet,,,,Art,,,,,,,Parameter Mapping,,,1,https://goo.gl/V7CBYL,,,,,,SonificationofYou
,Markup Melodium,Daniel Jones,2013,,Internet,,,,Research,,,,,,,Parameter Mapping,,,1,https://github.com/citymont/markup-melodium/tree/live,,,,,,n
,Sonification of DDoS Attacks,"Dima Bekerman, Avishay Zawoznik, Johnathan Azaria, Koby Kilimnik",2018,,Internet,,,,Research,,,,,,,Parameter Mapping,,,1,https://www.imperva.com/blog/sonification-of-ddos-attacks/,,,,,,n
,Spider web sonification,"Tomas Saraceno and Ian Hattwick, Isabelle Su, Christine Southworth, Evan Ziporyn and Markus Buehler (MIT)",2021,Life sciences,Life Sciences,Biology,,Art,Art,,,,,,,Parameter Mapping,,,,https://www.youtube.com/watch?v=UBDm_B8cMs8,,,,,,Spider web sonification
,Scientists use sound to track tiny organisms in the body,Shapiro,2020,Biology,Life Sciences,Biology,,Medical investigation,Research,Domain Experts,,,Research Lab,No,No,Audification,,n,,https://www.nature.com/articles/nature25021,,Cannot listen to the sonification,No,https://www.nature.com/articles/nature25021,,Scientists use sound to track tiny organisms in the body
,COVID19 listening project,University of Surrey,2020,Biology,Life Sciences,Biology,,Medical investigation,Research,Domain Experts,1,Player,Research Lab,Yes,No,Parameter Mapping,,,,https://www.youtube.com/watch?v=gj50HvWtll8&feature=emb_logo,,Sonifcation is a video,https://www.youtube.com/watch?v=gj50HvWtll8&feature=emb_logo,https://www.surrey.ac.uk/news/listening-covid-19-clues-understanding-coronavirus-through-musical-transformations,https://enzodesena.github.io/covid-listening-project/,COVID19 listening project
,The THC Code,Deraout ft. GenM,2020,Biology,Life Sciences,Biology,,Art,Art,Public,,Player,,No,No,Parameter Mapping,,,,https://soundcloud.com/genm-ubihpc/the-thc-code-ambient-mix-deraout-ft-genm,,Sonification is on Soundcloud,No,https://www.magneticmag.com/2020/10/interview-how-colombian-techno-producer-deraout-genm-turned-cannabis-dna-into-ambient-techno/,https://ubihpc.com/genm,The THC Code
,DNA Sonification - Sex determining region of the Y (SRY) Human Orangutan,Edward Martin,2020,Biology,Life Sciences,Biology,,Public Engagement,Public Engagement,Public,,Player,,Yes/Video,No,Parameter Mapping,,,,https://vimeo.com/470163206,,Sonifcation is a video,https://vimeo.com/470163206,,,DNA Sonification - Sex determining region of the Y (SRY) Human Orangutan
,Real-time audio and visual display of the Coronavirus genome,Mark Temple,2020,Biology,Life Sciences,Biology,,Data Analysis,Data Analysis,,1,,,,,Parameter Mapping,,,,https://coronavirus.dnasonification.org/,,,,,,Real-time audio and visual display of the Coronavirus genome
,SARS Coronavirus Replicase Sonification,Eddie Martin,2020,Life sciences,Life Sciences,Biology,,Education,Education,,1,,,,,Parameter Mapping,,,,https://vimeo.com/400189352,,,,,,SARS Coronavirus Replicate Sonification
,Translating Proteins into sound for designing new proteins,"Markus J. Buehler, MIT",2019,Biology,Life Sciences,Biology,,Scientific Investigation,Research,Domain Experts,,,Research Lab,No,No,Parameter Mapping,,,,https://soundcloud.com/user-275864738,,Sonification is on Soundcloud,No,https://news.mit.edu/2019/translating-proteins-music-0626,,Translating Proteins into sound for designing new proteins
,Sonification of Salmon Migration in the Snake River,"Ben Robertson, Dr Middleton, Dr Hegg",2018,Natural Science,Life Sciences,Ecology,,Scientific Investigation,Research,Domain Experts,,Player,Research Lab,Yes/Video,No,Parameter Mapping,,,,https://www.youtube.com/watch?v=bhpHi8TOryY&feature=youtu.be&sf182709908=1,,Sonifcation is a video,https://www.youtube.com/watch?v=bhpHi8TOryY&feature=youtu.be&sf182709908=1,,https://www.cell.com/heliyon/fulltext/S2405-8440(17)31718-8,Sonification of Salmon Migration in the Snake River
,Whales Call,Google AI + NOAA (National Oceanic and Atmospheric Administration),2018,Biology,Life Sciences,Zoology,,Scientific Investigation,Research,Domain Experts,,,Research Lab,Don't know,No,Audification,,,,https://ai.googleblog.com/2018/10/acoustic-detection-of-humpback-whales.html,,Cannot listen to the sonification,No,https://techcrunch.com/2018/10/29/google-ai-listens-to-15-years-of-sea-bottom-recordings-for-hidden-whale-songs/?guccounter=1&guce_referrer=aHR0cHM6Ly93d3cuZ29vZ2xlLmNvbS8&guce_referrer_sig=AQAAACSuj-fV8Nbs83rOl5fvJG7jrgiJ7laNxxp7_L14O4B93wSzOzg3S_gMEYFupWYd3DB5NePW87_hwTUdDcEC46WlBe_NK02d3UGIOFFpO6wlEtMQ5j2gvEwNqsBlhFXOI7ZaeLWHuAgANiJjWQ5eAWH5FOvJfkAtRkbyQsLI0zou,,Whales Call
,On The Extinction Of A Species,Falk Morawitz,2018,Environment,Life Sciences,Ecology,,Art,Art,,,,,,,Parameter Mapping,,n,,https://soundcloud.com/falk-morawitz/extinctionshort,,,,,,On The Extinction Of A Species
,An auditory display tool for DNA sequence analysis,Mark Temple,2017,Biology,Life Sciences,Biology,,Data Analysis,Data Analysis,,,,,,,Parameter Mapping,,,,http://dnasonification.org/,,,,,,An auditory display tool for DNA sequence analysis
,Digiti Sonus,Yoon Chung Han,2013,Human body,Life Sciences,Biology,,Art,Art,,,,,,,Parameter Mapping,,,1,https://goo.gl/n8dtvz,,,,,,Digiti Sonus
,The Sound Of People,David Runge,2012,Biology,Life Sciences,Biology,,Art,Art,,,,,,,Parameter Mapping,,n,,https://goo.gl/Ec7nSF,,,,,,The Sound Of People
,Secret Sounds of Spores,Yann Seznec & Patrick Hickey,2010,Biology,Life Sciences,Biology,,Art,Art,,,,,,,Parameter Mapping,,,,https://www.yannseznec.com/works/spores/,,,,,,Secret Sounds of Spores
,Life Music,M. A. Clark and John Dunn,1999,Biology,Life Sciences,Biology,,Art,Art,,,,,,,Parameter Mapping,,,1,https://goo.gl/3IXcqo,,,,,,Life Music
,Molecular Soundscapes,Shelly Knotts,2017,,Life Sciences,Chemistry,,,Art,,,,,,,Parameter Mapping,,,1,https://vimeo.com/219101695,,,,,,Molecular Soundscapes
,Aurelia 1 + Hz / Proto viva Sonification,Robertina Šebjanič,2016,,Life Sciences,Biology,,,Art,,,,,,,Parameter Mapping,,,1,https://vimeo.com/126787314,,,,,,Aurelia
,Victims of US gun shooting,Sophie Chou,2017,Mass Shooting,Mass Shooting,,,Data Journalism,Data Journalism,Public,,Radio Streaming,,No,No,Parameter Mapping,,,,https://soundcloud.com/theworld/the-sound-of-gun-violence-in-america,,Sonification is on Soundcloud,No,,,Victims of US gun shooting
,Las Vegas Shooting,The New York Times,2017,Mass Shooting,Mass Shooting,,,Data Journalism,Data Journalism,,,,,,,Parameter Mapping,,,,https://www.nytimes.com/interactive/2017/10/02/us/vegas-guns.html,,,,,,Las Vegas Shooting
,A Sonic Memorial,Reveal News,2016,Mass Shooting,Mass Shooting,,,Data Journalism,Data Journalism,Public,,Player,,No,No,Parameter Mapping,,,,https://www.revealnews.org/blog/a-sonic-memorial-to-the-victims-at-orlandos-pulse-nightclub/,,Sonification is on Soundcloud,No,,,A Sonic Memorial
,"Overmorrow, Gun violence in US",Rachel Devorah,2014,Mass Shooting,Mass Shooting,,,Publi Engagement,Public Engagement,Public,,Player,Public Venue (live performance),No,No,Parameter Mapping,,,,http://racheldevorah.studio/works/overmorrow/,,Sonifcation is a video on the author's webpage,http://racheldevorah.studio/works/overmorrow/,,,Overmorrow. Gun violence in US
,Distance from Home,Brian Foo,2015,Migrations,Migrations,,,Art,Art,Public,,Player,,Yes,No,Parameter Mapping,,,,https://vimeo.com/132833445,,Sonifcation is a video,https://vimeo.com/132833445,https://datadrivendj.com/tracks/refugees/,,Distance from Home
,The Zones Project - Lost at Sea,Stephen Roddy,2015,Migrations,Migrations,,,,Art,,,,,,,Parameter Mapping,,n,,,,Cannot listen to the sonification,No,,,The Zones Project - Lost at Sea
,Sounding out the border wall,Jim Briggs and Michael Corey - Reveal,2017,,Migrations,,,,Data Journalism,,,,,,,Parameter Mapping,,,1,https://goo.gl/2Yfr1R,,,,,,n
,The Sounds of Migration,"Kitti Balogh, Zoltan Varju",2016,,Migrations,,,,Research,,,,,,,Parameter Mapping,,,1,https://zolizoli.github.io/sonification/index.html,,,,,,Sounds of Migrations
,The Masked Scales: Sonification of COVID19 Lockdown,Artash Nath and Arushi Nath,2020,Transportation,Mobility,,,Public Engagement,Public Engagement,,1,,,,,Parameter Mapping,,,,https://hotpoprobot.com/2020/08/04/we-are-the-global-winners-of-2020-nasa-spaceapps-covid-19-challenge-our-7-years-journey/,,,,,,The Masked Scales - Sonification of COVID19 Lockdown
,Commute,Ludovic Riffault,2018,Transportation,Mobility,,,Public Engagement,Public Engagement,,,,,,,Parameter Mapping,,,,https://commute.dataveyes.com/,,,,,,Commute
,Two Trains,Brian Foo,2015,Transportation,Mobility,,,Art,Art,Public,,Player,,Yes,No,Parameter Mapping,,,,https://vimeo.com/118358642,,Sonifcation is a video,https://vimeo.com/118358642,https://datadrivendj.com/tracks/subway/,,Two Trains
,AERO,Gregory Reeves,2014,Transportation,Mobility,,,Art,Art,,,,,,,Parameter Mapping,,,n,https://goo.gl/kOhgaU,https://sonificationart.wordpress.com/2017/06/06/aero-flight-time-music-generator/,,,,,AERO
,You will have to take my word for it,Brian House,2013,Road Safety,Mobility,,,Art,Art,,,,,,,Parameter Mapping,,,n,https://brianhouse.net/works/youll_just_have_to_take_my_word_for_it/,https://sonificationart.wordpress.com/2013/11/05/youll-have-to-take-my-word-for-it-car-crash-composition/,,,,,take my word for it
,Project: Autobahn,Tom Zimmerman,2013,Transportation,Mobility,,,Art,Art,,,,,,,Parameter Mapping,,,1,https://goo.gl/zHW6qb,,,,,,Autobahn
,Quotidian Record,Brian House,2012,Geolocation,Mobility,,,Art,Art,,,,,,,Parameter Mapping,,,n,https://goo.gl/m0vA1j,https://sonificationart.wordpress.com/2017/06/05/quotidian-record-sonifying-everyday-life/,,,,,Quotidian Record
,New York Metro System (MTA),Alexander Chen,2011,Transportation,Mobility,,,Art,Art,Public,,Website,,Yes,Yes,Model Sonification,,,,http://mta.me/,,Sonification is an interactive webpage,http://mta.me/,,https://www.chenalexander.com/Bio,New York Metro System (MTA)
,Junction,Micah Frank,2010,Transportation,Mobility,,,Art,Art,,,,,,,Parameter Mapping,,n,1,https://goo.gl/nbWRmP,,,,,,Junction
,Baltic Sea Radio ,Varvara Guljajeva & Mar Canet Sola,2012,,Mobility,,,,Art,,,,,,,Parameter Mapping,,,1,http://var-mar.info/baltic-sea-radio/,,,,,,BalticSeaRadio
,Sonification of MBTA,Stephen Hensley ,2015,,Mobility,,,,Art,,,,,,,Parameter Mapping,,,1,https://goo.gl/avkzCd,,,,,,MBTA Sonification
,BIORHYTHMS – LONDON,Jon Pigren,2017,,Mobility,,,,Art,,,,,,,Parameter Mapping,,,1,https://jonpigrem.wordpress.com/2017/02/26/biorhythms-london/,,,,,,Biorhythms
,Geolocation,Georgios Cherouvim,2017,,Mobility,,,,Art,,,,,,,Parameter Mapping,,,1,https://vimeo.com/218106546,,,,,,Geolocation
,City Symphonies,Mark McKeague,2012,,Mobility,,,,Research,,,,,,,Parameter Mapping,,,1,https://markmckeague.com/work/city-symphonies,,,,,,CitySymphonies
,Ottawa Love Stories,Cassandra Marsillo ,2018,,Mobility,,,,Public Engagement,,,,,,,Parameter Mapping,,,1,https://ottlovestories.wordpress.com/,,,,,,OttawaLoveStories
,Noisy City. Audible Data Visualization in Brussels,Jetpack,2020,Environment,Physical Sciences,Earth Science,,Public Engagement,Public Engagement,Public,,Website,,Yes,Yes,Parameter Mapping,,,,https://noisy-city.jetpack.ai/?fbclid=IwAR2NVC7pgn44UhY3iomW1BLfFYENt3EIeEu2qab-xQxtcYpsoaIQZVjG3a0,,Sonification is an interactive webpage,https://noisy-city.jetpack.ai/?fbclid=IwAR2NVC7pgn44UhY3iomW1BLfFYENt3EIeEu2qab-xQxtcYpsoaIQZVjG3a0,,,Noisy City. Audible Data Visualization in Brussels
,Sounds from around the Milky Way,"NASA/CXC/SAO/K.Arcand, SYSTEM Sounds (Matt Russo/Andrew Santaguida)",2020,Astronomy,Physical Sciences,Astronomy,,Inclusivity,Inclusivity,Public,,Player,,Yes,No,Parameter Mapping,,,,https://chandra.si.edu/photo/2020/sonify/animations.html,,"Sonifcation is a video, you can download it from the webpage",https://chandra.si.edu/photo/2020/sonify/animations.html,https://www.republicworld.com/technology-news/science/nasa-data-sonification-of-spaces-cosmic-reef-nebulae.html,,Sounds from around the Milky Way
,Mutual Air,Rosten Woo,2020,Environment,Physical Sciences,Earth Science,,Art,Art,Public,,,Public Venue (interactive installation),Yes/Installation,Yes,Parameter Mapping,,,,https://www.youtube.com/watch?v=NCP3KTBY-F0,,You can listen to the sonification in the news' video,No,,,Mutual Air
,Air Pollution During Lockdown,Pedro Sarmento,2020,Environment,Physical Sciences,Earth Science,,Data Analysis,Data Analysis,,,,,,,Parameter Mapping,,,,https://www.youtube.com/watch?v=uO5if7Xgi9M&feature=youtu.be,,,,,,Air Pollution During Lockdown
,Geminids Meteor Shower,Christian Basl,2020,Astronomy,Physical Sciences,Astronomy,,Public Engagement,Public Engagement,,,,,,,Audification,,,,https://kinder.wdr.de/radio/kiraka/nachrichten/klicker/geminiden-102.html,,,,,,Geminids Meteor Shower
,Loki's Pain,PerMagnus Lindborg,2020,Physical sciences,Physical Sciences,Earth Science,Geology,Art,Art,,,,,,,Parameter Mapping,,,,http://soundislands.com/2021/01/21/lokis-pain/?fbclid=IwAR1OZEdk5BcOf88TcLtjhqasTOWOJg6jwW_mfvUXpQU3Zcz79R16o3JHSvw,,,,,,Loki Pain
,Sonification of Multivariate Data to Illuminate Dynamics of Geyser Eruptions,"Anna Barth , Leif Karlstrom , Benjamin K. Holtzman , Arthur Paté , Avinash Nayak",2020,Physical sciences,Physical Sciences,Earth Science,Geology,Research,Research,,,,,,,Parameter Mapping,,,,https://direct.mit.edu/comj/article/44/1/35/99101/Sonification-and-Animation-of-Multivariate-Data-to,,,,,,Sonification and Animation of Multivariate Data
,Sonification of Hubble Telescope,NASA/Hubble/SYSTEM Sounds (Matt Russo/Andrew Santaguida),2019,Astronomy,Physical Sciences,Astronomy,,Public Engagement,Public Engagement,Public,,Player,,Yes/video,No,Parameter Mapping,,,,https://www.youtube.com/watch?time_continue=32&v=H-Ci_YwfH04&feature=emb_logo,,Sonifcation is a video,https://www.youtube.com/watch?v=H-Ci_YwfH04&feature=emb_logo,https://www.sciencealert.com/nasa-turned-this-hubble-image-into-strange-haunting-music,,Sonification of Hubble Telescope
,Mars Soundscape,NASA/Domenico Vicinanza,2018,Astronomy,Physical Sciences,Astronomy,,Public Engagement,Public Engagement,Public,,Player,,Yes/Video,No,Parameter Mapping,,,,https://www.youtube.com/watch?v=loXhsglsG-w&feature=emb_title,,Sonifcation is a video,https://www.youtube.com/watch?v=loXhsglsG-w&feature=emb_title,https://arstechnica.com/science/2018/11/the-sounds-of-a-martian-sunrise-inspire-short-musical-composition/,,Mars Soundscape
,Multivariable Data Sonification - Solar Activities,Gregorio Panerai,2018,Astronomy,Physical Sciences,Astronomy,,Scientific Investigation,Research,,,,,,,Parameter Mapping,,,,https://vimeo.com/500802823,,,,,,Multivariable Data Sonification - Solar Activities
,Astronomy Sounds of the Month,Greg Salvesen,2018,Astronomy,Physical Sciences,Astronomy,,Public Engagement,Public Engagement,,,,,,,Parameter Mapping,,,,https://astrosom.com/archive.html,,,,,,Astronomy Sounds of the Month
,56Fe (2018),Falk Morawitz,2018,Environment,Physical Sciences,Chemistry,,Art,Art,,,,,,,Parameter Mapping,,n,,https://soundcloud.com/falk-morawitz/56fe-2018,,,,,,56Fe (2018)
,The Conditional Orchestra,Rich Bultitude,2017,Metereology,Physical Sciences,Earth Science,Geography,Art,Art,Public,,Website,,Yes/Graphics,No,Parameter Mapping,,,,https://theconditionalorchestra.com/,,Sonification is an interactive webpage,https://theconditionalorchestra.com/,,https://medium.com/@pointbmusic/making-the-conditional-orchestra-df3149b17d23,The Conditional Orchestra
,TRAPPIST-1,SYSTEM Sounds,2017,Astronomy,Physical Sciences,Astronomy,,Public Engagement,Public Engagement,,,,,,,Parameter Mapping,,,,https://www.system-sounds.com/trappist-sounds/,,,,,,TRAPPIST-1
,Finland As Experienced By The Sea,Falk Morawitz,2017,Environment,Physical Sciences,Earth Science,Oceanography,Art,Art,,,,,,,Parameter Mapping,,n,,https://soundcloud.com/falk-morawitz/finland-as-experienced-by-the-sea,,,,,,Finland As Experienced By The Sea
,"An empty stream, a great silence, an impenetrable forest","Sara Lenzi, Stefano Silvestri, Giosue Grassia",2017,Environment,Physical Sciences,Earth Science,Geography,Art,Art,,,,,,,Parameter Mapping,,,,https://www.youtube.com/watch?v=q3nb-97PLRc,,,,,,An empty stream
,Res Extensae,Sara Lenzi,2017,Environment,Physical Sciences,Earth Science,Geography,Public Engagement,Public Engagement,,,,,,,Parameter Mapping,,,,https://www.saralenzi.com/2017/9/13/res-extensae,,,,,,Res Extensae
,While I was not there,Sara Lenzi,2017,Environment,Physical Sciences,Earth Science,Geography,Art,Art,,,,,,,Parameter Mapping,,,,https://www.saralenzi.com/while-i-was-not-there,,,,,,While I was not there
,Sonification of the Total Solar Eclipse August 2017,Wayne Grim,2017,Astronomy,Physical Sciences,Astronomy,,Art,Art,,,,,,,Parameter Mapping,,,1,https://goo.gl/ODk4tF,,,,,,Sonification of the Total Solar Eclipse August 2017
,Fathom; Hudson River Environmental Data as Music,Ben Neill and Mimi Goese,2016,Environment,Physical Sciences,Earth Science,,Art,Art,,,,,,,Parameter Mapping,,,,https://benneill.com/portfolio/fathom/,,,,,,Fathom
,Inner Resonance,Falk Morawitz,2016,Chemistry,Physical Sciences,Chemistry,,Art,Art,,,,,,,Audification,,n,,https://soundcloud.com/falk-morawitz/03-inner-resonance-falk-morawitz-48khz-24bit,,,,,,Inner Resonance
,From Hipparchus to Hipparcos-a sonification of stellar catalogues,Jamie Ferguson and European Space Agency,2016,Astronomy,Physical Sciences,Astronomy,,Public Engagement,Public Engagement,,,,,,,Parameter Mapping,,,1,https://goo.gl/8NXCgJ,,,,,,From Hipparchus to Hipparcos-a sonification of stellar catalogues
,"Artefact, Digital Necrophony","Mathilde Lavenne and Daniel Cabanzo, IRCAM",2016,Geology,Physical Sciences,Earth Science,Geology,Art,Art,,,,,,,Parameter Mapping,,,n,https://vimeo.com/172204876,https://sonificationart.wordpress.com/2017/05/19/artefact0-digital-necrophony/,,,,,Artefact - Digital Necrophony
,The Four Inner Planets,"Michael Quinton, David Benyon, Iain McGregor. Edinburgh Napier University.",2016,Astronomy,Physical Sciences,Astronomy,,Data Analysis,Data Analysis,,,,,,,Parameter Mapping,,,1,https://goo.gl/3J9x2J,,,,,,The Four Inner Planets
,Chirp,LIGO Research Centre,2016,Astronomy,Physical Sciences,Astronomy,,Scientific Investigation,Research,,,,,,,Audification,,,1,https://www.nytimes.com/2016/02/12/science/scientists-chirp-excitedly-for-ligo-gravitational-waves-and-einstein.html,,,,,,Chirp
,Aqualitative,"Jon Bellona, John Park, and John Reagan",2016,Environment,Physical Sciences,Earth Science,,Art,Art,,,,,,,Parameter Mapping,,,1,https://goo.gl/YhkSeP,,,,,,Aqualitative
,Pacific Belltower,PerMagnus Lindborg,2016,Physical sciences,Physical Sciences,Earth Science,,Art,Art,,,,,,,Parameter Mapping,,,,http://soundislands.com/2020/01/16/pacific-belltower/?fbclid=IwAR3EDFr3AYAnb7hXiq5amf8BYQFa5n1qjMyQTvpdvxryv1ohPTb8Vxb4lPo,,,,,,Pacific Belltower
,Seismic Activity in Oklahoma,Reveal News,2015,Geology,Physical Sciences,Earth Science,,Data Journalism,Data Journalism,Public,,Player,,No,No,Parameter Mapping,,,,https://soundcloud.com/thisisreveal/the-oklahoma-shakes,,Sonification is on Soundcloud,No,https://www.revealnews.org/article/listen-to-the-music-of-seismic-activity-in-oklahoma/,,Seismic Activity in Oklahoma
,Too Blue,Brian Foo,2015,Environment,Physical Sciences,Earth Science,,Art,Art,,,Player,,Yes,No,Parameter Mapping,,,,https://vimeo.com/137262980,,Sonifcation is a video,https://vimeo.com/137262980,https://datadrivendj.com/tracks/louisiana/,,Too Blue
,Music Eclipticalis,Brian Foo,2015,Astronomy,Physical Sciences,Astronomy,,Art,Art,,,Player,,Yes,No,Parameter Mapping,,,,https://vimeo.com/186860448,,Sonifcation is a video,https://vimeo.com/186860448,https://datadrivendj.com/tracks/stars/,,Music Eclipticalis
,Spin Dynamics,Falk Morawitz,2015,Chemistry,Physical Sciences,Chemistry,,Art,Art,,,,,,,Audification,,,,https://soundcloud.com/falk-morawitz/spin-dynamics-stereo-reduction,,,,,,Spin Dynamics
,Kabbalistic Synthesizer,Sam Conran,2015,Astronomy,Physical Sciences,Astronomy,,Art,Art,,,,,,,Parameter Mapping,,,1,https://goo.gl/dmT0V5,,,,,,Kabbalistic Synthesizer
,Landwaves,Binaura Collective,2015,Physics,Physical Sciences,Physics,,Art,Art,,,,,,,Parameter Mapping,,,1,https://goo.gl/s99zxY,,,,,,Landwaves
,Inventions for Data Stream,Marco Buongiorno Nardell,2015,Chemistry,Physical Sciences,Chemistry,,Art,Art,,,,,,,Parameter Mapping,,,1,https://goo.gl/d6k1h8,,,,,,Inventions for Data Stream
,Air Play,Brian Foo,2014,Environment,Physical Sciences,Earth Sciences,,Art,Art,Public,,Player,,Yes,No,Parameter Mapping,,,,https://vimeo.com/122603843,,Sonifcation is a video,https://vimeo.com/122603843,https://datadrivendj.com/tracks/smog/,,Air Play
,Solar Wind Audification,Solar and Heliospheric Research Group at the University of Michigan.,2014,Astronomy,Physical Sciences,Astronomy,,Scientific Investigation,Research,Domain Experts,,Player,Research Lab,Yes/Video,No,Audification,,,,https://www.youtube.com/watch?v=OOszY79xSkQ&feature=emb_title,,Sonifcation is a video,https://www.youtube.com/watch?v=OOszY79xSkQ&feature=emb_title,,,Solar Wind Audification
,Crater (Cosmic Rays Telescope for the Effects of Radiations),Marty Quinn/University of New Hampshire,2014,Astronomy,Physical Sciences,Astronomy,,Education,Education,Public,,Radio Streaming,,No,No,Parameter Mapping,,,,https://prediccs.sr.unh.edu//craterweb/craterliveradio.html,,I tried to listen to it from the website but i couldn't,No,https://www.euronews.com/2014/01/30/rosetta-the-comet-hunter-awakes,,Crater (Cosmic Rays Telescope for the Effects of Radiations)
,Nuclear Magnetic Resonance,Falk Morawitz,2014,Chemistry,Physical Sciences,Chemistry,,Art,Art,,,,,,,Audification,,,,https://soundcloud.com/falk-morawitz/nuclear-magnetic-resonance-2014-full,,,,,,Nuclear Magnetic Resonance
,Currents,Yann Seznec,2014,Metereology,Physical Sciences,Earth Science,,Art,Art,,,,,,,Audification,,,,https://www.yannseznec.com/works/currents/,,,,,,Currents
,LHChamber Music,Domenico Vicinanza,2014,Physics,Physical Sciences,Physics,,Art,Art,,,,,,,Parameter Mapping,,,1,https://goo.gl/HgGMpB,,,,,,LHChamber Music
,LHC Open Symphony,Domenico Vicinanza,2014,Astronomy,Physical Sciences,Astronomy,,Public Engagement,Public Engagement,,,,,,,Parameter Mapping,,n,1,https://goo.gl/070Ldx,,,,,,LHC Open Symphony
,Voyager 1 & 2 spacecraft duet,Domenico Vicinanza- Geant Sounds,2014,Astronomy,Physical Sciences,Astronomy,,Public Engagement,Public Engagement,,,,,,,Parameter Mapping,,,1,https://soundcloud.com/geant-sounds/sonification-of-voyager-1,,,,,,Voyager spacecraft duet
,Weather for the blind,Quintronics,2014,Environment,Physical Sciences,Earth Science,,Inclusivity,Inclusivity,,,,,,,Parameter Mapping,,,1,https://goo.gl/HBuKX4,,,,,,Weather for the blind
,#Carbonfeed,Jon Bellona,2014,Environment,Physical Sciences,Earth Science,,Public Engagement,Public Engagement,,,,,,,Parameter Mapping,,,1,https://goo.gl/thvJZk,,,,,,Carbonfeed
,Listening to data from the Large Hadron Collider,lily Asquith,2013,Particle Physics,Physical Sciences,Physics,,Scientific Investigation,Research,Domain Experts,,,Research Lab,Don't know,No,Parameter Mapping,,n,,https://www.youtube.com/watch?reload=9&v=iQiPytKHEwY,,You can listen to the sonification live on TED video,No,,,Listening to data from the Large Hadron Collider
,Polarseeds,Polar Seeds Group,2013,Environment,Physical Sciences,Earth Science,,Public Engagement,Public Engagement,,,,,,,Parameter Mapping,,,1,https://goo.gl/UfiwgH,,,,,,Polarseeds
,Masachussets Geophonic,Arvid Tomayko,2013,Geology,Physical Sciences,Earth Science,,Public Engagement,Public Engagement,,,,,,,Parameter Mapping,,,n,https://goo.gl/67yixV,https://goo.gl/XGkIiF,,,,,Masachussets Geophonic
,Maestro Frankenstein 2.0,Arvid Tomayko,2013,Geology,Physical Sciences,Earth Science,,Public Engagement,Public Engagement,,,,,,,Parameter Mapping,,n,1,https://goo.gl/YjQ7iw,,,,,,Maestro Frankenstein
,Music of the Atmosphere/ Space Fight,Radek Rudnicki and Kevin Hicks - Swedish Environment Institute,2013,Environment,Physical Sciences,Earth Science,,Public Engagement,Public Engagement,,,,,,,Parameter Mapping,,,1,https://goo.gl/DIJJRN,,,,,,Music of the Atmosphere Space Fight
,Locust Wrath Series,PerMagnus Lindborg,2013,Physical sciences,Physical Sciences,Earth Science,,Art,Art,,,,,,,Parameter Mapping,,,,http://soundislands.com/2019/02/06/locust-wrath/?fbclid=IwAR0opC8ivFD8lZkUSjO9fFYpfCsjHz-krEkHScjRpKSbnUYu1GhGagf-ul0,,,,,,Locust Wrath Series
,Star's Song,Harvard Smithsonian/Wanda Diaz Merced,2012,Astronomy,Physical Sciences,Astronomy,,Scientific Investigation,Research,Domain Experts,,Player,Research Lab; Public Venue (Live Performance),No,No,Parameter Mapping,,,,https://www.cfa.harvard.edu/sed/projects/star_songs/pages/xraytosound.html,,Webpage seems to be broken!,No,https://music.si.edu/story/music-spheres-star-songs,,Star's Song
,Higgs Boson Sonification,CERN,2012,Particle Physics,Physical Sciences,Physics,,Public Engagement,Public Engagement,Public,,Player,,No,No,Parameter Mapping,,,,https://www.youtube.com/watch?v=dX3Q7FKNUnc,,Sonifcation is a video,https://www.youtube.com/watch?v=dX3Q7FKNUnc,https://www.bbc.com/news/av/science-environment-18785232,https://videos.cern.ch/record/2142696,Higgs Boson Sonification
,Deep Space Sonata,Silvya Zhu,2012,Astronomy,Physical Sciences,Astronomy,,Inclusivity,Inclusivity,Public,,Player,,Yes/graphics,No,Parameter Mapping,,,,https://www.youtube.com/watch?v=2wvPe9OA1qA&feature=emb_logo,,Sonifcation is a video,https://www.youtube.com/watch?v=2wvPe9OA1qA&feature=emb_logo,,,Deep Space Sonata
,Transit of Venus,Wayne Grim,2012,Astronomy,Physical Sciences,Astronomy,,Art,Art,,,,,,,Parameter Mapping,,,1,https://goo.gl/L7QFD3,,,,,,Transit of Venus
,Years,BartholomÃ¤us Traubeck,2011,Environment,Physical Sciences,Earth Science,,Art,Art,,,,,,,Audification,,,,https://vimeo.com/30501143,,,,,,Years
,Solar Beat,Luke Twyman (WhiteVinylDesign),2010,Astronomy,Physical Sciences,Astronomy,,Art,Art,,,,,,,Model Sonification,,,1,https://goo.gl/V8WtRc,,,,,,Solar Beat
,Floodtide,John Eacott,2008,Environment,Physical Sciences,Earth Science,,Art,Art,,,,,,,Parameter Mapping,,,1,https://www.thethamesestuarylibrary.org/library/audio/floodtide/,,,,,,Floodtide
,The Satellite Sounders,Yolande Harris,2007,Geolocation,Physical Sciences,Astronomy,,Art,Art,,,,,,,Parameter Mapping,,,1,https://www.yolandeharris.net/work/satellite-sounders,,,,,,The Satellite Sounders
,Atmospherics/Weather Works,Andrea Polli,2007,Meteorology,Physical Sciences,Earth Science,,SCientific Investigation,Research,,,,,,,Parameter Mapping,,n,1,https://goo.gl/EGHSSG,,,,,,Atmospherics-Weather Works
,SeismoDome,Seismic Sound Lab: Ben Holtzman and Jason Candler,2006,Geology,Physical Sciences,Earth Science,,Public Engagement,Public Engagement,,,,,,,Audification,,,1,https://goo.gl/guBXsq,,,,,,SeismoDome
,Volcano Sonification,BBC,2005,Geology,Physical Sciences,Earth Science,,Public Engagement,Public Engagement,Public,,Player,,No,No,Parameter Mapping,,,,https://www.bbc.co.uk/programmes/articles/3clDSXN26N9lQtCwJgMb2tR/sonification,,Sonification can be downloaded from the page,,https://www.bbc.co.uk/programmes/articles/3clDSXN26N9lQtCwJgMb2tR/sonification,,Volcano Sonification
,Etna Sonification Project,Domenico Vicinanza,2005,Geology,Physical Sciences,Earth Science,,Scientific Investigation,Research,,,,,,,Parameter Mapping,,,1,https://goo.gl/mXCW10,,,,,,Etna Sonification Project
,Rock Music,Mara Helmuth,2004,Environment,Physical Sciences,Earth Science,,Art,Art,,,,,,,Parameter Mapping,,,n,https://goo.gl/z5oY7R,https://goo.gl/lXbTtR,,,,,Rock Music
,Kosmophone,Jerry Chamkis,2004,Astronomy,Physical Sciences,Astronomy,,Art,Art,,,,,,,Parameter Mapping,,,1,https://goo.gl/EUm3ZB,,,,,,Kosmophone
,Earthquake Quartet #1,Andy Michael,1999,Geology,Physical Sciences,Earth Science,,Art,Art,,,,,,,Parameter Mapping,,,1,https://goo.gl/u0z542,,,,,,Earthquake Quartet
,Earth Magnetic Field: Realizations in Computed Electronic Sound,Charles Dodge,1970,Physics,Physical Sciences,Physics,,Art,Art,,,,,,,Parameter Mapping,,,n,https://www.youtube.com/watch?v=j5MHsnc67yw&t=1s,https://goo.gl/D49r9m,,,,,Earth Magnetic Field - Realizations in Computed Electronic Sound
,Sound of Space,University of Iowa,1962,Astronomy,Physical Sciences,Astronomy,,Scientific Investigation,Research,Domain Experts,,Player,Research Lab,No,No,Audification,,,,http://www-pw.physics.uiowa.edu/space-audio/sounds/,,You can listen to an mp3 of the sonification on the webpage,No,,,Sound of Space
, El NiñOz,Benjamin Renard,2020,,Physical Sciences,,,,Data Analysis,,,,,,,Parameter Mapping,,,,https://globxblog.inrae.fr/el-ninoz/,,,,,,El Niñoz
,Enviro Bike,Bicrophonic Research Institute,2021,,Physical Sciences,Earth Science,,,Public Engagement,,,,,,,Model Sonification,1,,,https://sonicbikes.net/enviro-bike/,,,,,,Enviro Bike
,A4BD - Astronomy for the Blind and the Disabled,University of Patras,2020,,Physical Sciences,Astronomy,,,Inclusivity,,,,,,,Parameter Mapping,1,,,https://www.a4bd.eu/,,,,,,a4bd
,Saturn Ring Sonification,Jeongho Park,2017,,Physical Sciences,Astronomy,,,Data Analysis,,,,,,,Model Sonification,,,1,https://goo.gl/z1ioum,,,,,,SaturnRing
,Adrift (Machine 9),"Cath Le Couteur, Nick Ryan",2016,,Physical Sciences,Astronomy,,,Public Engagement,,,,,,,Parameter Mapping,,,1,http://www.projectadrift.co.uk/,,,,,,Adrift
,Water Viz ,Marty Quinn,2015,,Physical Sciences,Earth Science,,,Research,,,,,,,Parameter Mapping,,,1,https://www.waterviz.org/?page_id=1231,,,,,,Water Viz
,Dolmen,Mario de Vega,2015,,Physical Sciences,Earth Science,,,Public Engagement,,,,,,,Audification,,,1,https://sonicacts.com/portal/mario-de-vega---dolmen,,,,,,Dolmen
,Song of the tides,Levy Lorenzo - Stony Brook University,2010,,Physical Sciences,Earth Science,,,Art,,,,,,,Parameter Mapping,,,1,http://www.math.stonybrook.edu/~tony/tides/venice/ancona3000.html,,,,,,Tides
,EMUSIC,Antonio Menghini and Stefano Pontani,2017,,Physical Sciences,Earth Science,,,Art,,,,,,,Audification,,,1,http://www.emusic.world/,,,,,,EMusic
,Stellar,Francesco Fabris,2015,,Physical Sciences,Earth Science,,,Education,,,,,,,Model Sonification,,,1,http://www.francescofabris.com/?project=stellar-2015,,,,,,Stellar
,World earthquakes,Monoroch,2012,,Physical Sciences,Earth Science,,,Research,,,,,,,Parameter Mapping,,,1,http://monoroch.net/jishin2011/#3,,,,,,Earthquakes
,Chaos Atlantis,Ed Wrzesien,2011,,Physical Sciences,Earth Science,,,Art,,,,,,,Parameter Mapping,,,1,https://soundcloud.com/wrzesien/chaos-atlantis-excerpt,,,,,,ChaosAtlantis
,"Sand, snow, breeze",Tara Rodgers,2008,,Physical Sciences,Earth Science,,,Art,,,,,,,Parameter Mapping,,,1,https://tararodgers.bandcamp.com/album/sand-snow-breeze,,,,,,SandSnowBreeze
,aroundNorth,Robert Jarvis,2010,,Physical Sciences,Astronomy,,,Art,,,,,,,Parameter Mapping,,,1,https://aroundnorth.wordpress.com/,,,,,,aroundNorth
,Sci-Fi,Space F!ght,2013,,Physical Sciences,Earth Science,,,Art,,,,,,,Parameter Mapping,,,1,https://cdm.link/2013/11/sci-fi-electronic-band-music-made-ozone-data-elektron-drum-machine-sonification/,,,,,,Sci-Fi
,Christchurch Quakes ,Tim Prebble,2010,,Physical Sciences,Earth Science,,,Research,,,,,,,Parameter Mapping,,,1,https://www.musicofsound.co.nz/blog/christchurch-quakes-sonified,,,,,,n
,Earth Sound,JT Bullit,2006,,Physical Sciences,Earth Science,,,Research,,,,,,,Audification,,,1,http://www.jtbullitt.com/earthsound/,,,,,,EarthSound
,Canadian Coastlines,Larry Austin,1981,,Physical Sciences,Earth Science,,,Art,,,,,,,Parameter Mapping,,,1,https://www.youtube.com/watch?v=2zs5rEbXbmU,,,,,,CanadianCoastlines
,Lake Tahoe Sonification,"Geoffrey Schladow, Matt Gilbert and UC Davis students",2014,,Physical Sciences,Earth Science,,,Art,,,,,,,Parameter Mapping,,,1,http://www.mattgilbert.net/projects/tahoe/,,,,,,LakeTahoe
,Radiation as Music,Rory Viner ,2014,,Physical Sciences,Physics,,,Art,,,,,,,Parameter Mapping,,,1,https://rory-viner.tumblr.com/post/99384924563/radiation-as-music,,,,,,Radiation
,ESAGaia sonification ,European Space Agency,2018,,Physical Sciences,Astronomy,,,Public Engagement,,,,,,,Parameter Mapping,,,1,https://twitter.com/esascience/status/990625583989186560,,,,,,Gaia
,The Poseidon Ensemble,David Johnson,2014,,Physical Sciences,Earth Science,,,Art,,,,,,,Parameter Mapping,,,1,https://github.com/struct78/the-poseidon-ensemble,https://sonificationart.wordpress.com/2019/01/29/the-poseidon-project-and-fault-trace/,,,,,PoseidonEnsemble
,Fault Trace,David Johnson,2018,,Physical Sciences,Earth Science,,,Art,,,,,,,Parameter Mapping,,,1,https://github.com/struct78/fault-trace,https://sonificationart.wordpress.com/2019/01/29/the-poseidon-project-and-fault-trace/,,,,,FaultTrace
,A Galaxy of Suns,Michaela Gleave with Amanda Cole and Warren Armstrong,2016,,Physical Sciences,Astronomy,,,Art,,,,,,,Parameter Mapping,1,,1,https://www.agalaxyofsuns.net/,,,,,,Galaxy
,Data-Driven Elevator Music,"Joseph A. Paradiso with Alexander W Dreyfoos, Brian Mayton, Gershon Dublon, Spencer Russell",2011-2014,,Physical Sciences,Earth Science,,,Research,,,,,,,Parameter Mapping,,,1,https://www.media.mit.edu/projects/data-driven-elevator-music/overview/,,,,,,ElevatorMusic
,ListenTree,with Edwina Portocarrero and Gershon Dublon,2015,,Physical Sciences,Earth Science,,,Research,,,,,,,Audification,,,1,https://www.media.mit.edu/projects/listentree-audio-haptic-display-in-the-natural-environment/overview/,,,,,,ListenTree
,trumpTones - sonification of a President,Alexis Kirke,2017,,Politics,,,,Art,,,,,,,Parameter Mapping,,,1,https://goo.gl/tQDMpq,,,,,,n
,Hear the Blind Spot,Together! with Kim Albrecht,2020,Social equality,Social Equality,,,Inclusivity,Inclusivity,,,,,,,Parameter Mapping,,n,,https://heartheblindspot.org/en/,,,,,,Hear the Blind Spot
,Mixed Attraction,Brian Foo,2015,Social equality,Social Equality,,,Art,Art,Public,,Player,,Yes,No,Parameter Mapping,,,,https://vimeo.com/126254913,,Sonifcation is a video,https://vimeo.com/126254913,https://datadrivendj.com/tracks/dating/,,Mixed Attraction
,Color Balance,Brian Foo,2014,Gender equality,Social Equality,,,Art,Art,Public,,Player,,Yes,No,Parameter Mapping,,,,https://datadrivendj.com/interactives/hollywood/,,Sonifcation is a video,https://datadrivendj.com/interactives/hollywood/,,https://datadrivendj.com/tracks/hollywood/,Color Balance
,Outros Registros,"Samuel Van Ransbeeck, Nico Espinoza, Rafucko, Tori Holmes",2016,,Social Equality,,,,Public Engagement,,,,,,,Parameter Mapping,,,1,https://outrosregistros.wordpress.com/,https://sonificationart.wordpress.com/author/datascapr/,,,,,OutrosRegistros
,The sound of Twitter,Jeff Hemsley,2013,Social Media,Social Media,,,Data Analysis,Data Analysis,,,,,,,Parameter Mapping,,n,1,https://goo.gl/c63zeq,,,,,,The sound of Twitter
,Tweetscapes,"HEAVYLISTENING, German National Radio, CITEC Bielefeld, and Sound Studies at University of the Arts Berlin",2012,Social Media,Social Media,,,Art,Art,,,,,,,Parameter Mapping,,,n,https://www.youtube.com/watch?v=0lKSFlB_-Q0,https://sonificationart.wordpress.com/2013/11/03/tweetscapes-sonifying-germanys-twitterscape/,,,,,Tweetscapes
,The Listening Machine,Daniel Jones & Peter Gregson,2012,Social Media,Social Media,,,Art,Art,,,,,,,Parameter Mapping,,,n,https://soundcloud.com/ideoforms/the-listening-machine-excerpts,https://sonificationart.wordpress.com/2017/06/04/the-listening-machine/,,,,,The Listening Machine
,Rhythms of the City,Varvara Guljajeva and Mar Canet Sola,2011,Social Media,Social Media,,,Art,Art,,,,,,,Parameter Mapping,,,n,https://goo.gl/vQSIVi,https://goo.gl/ovOKGK,,,,,Rhythms of the City
,Twittersynth/ Twinthesis,Sam Harman,2011,Social Media,Social Media,,,Data Analysis,Data Analysis,,,,,,,Parameter Mapping,,,n,https://goo.gl/djBeQo,https://goo.gl/DG2eYi,,,,,Twittersynth - Twinthesis
,The Sound and the Social - Sonification in Social Research,Joachim Allhoff,2018,Sociology,Sociology,,,Social Research,Social Research,,,,,,,Parameter Mapping,,,,https://soundcloud.com/user-396789357/soundofthesocial-10,,,,,,The Sound and the Social - Sonification in Social Research
,Hearing Eugenics,Vibrant Lives,2016,Social history/Digital Humanities,Sociology,,,Digital Humanities,Public Engagement,Public,,Player,Public Venue (workshop),No,No,Parameter Mapping,,,,https://soundstudiesblog.com/2016/07/18/hearing-eugenics/,,,No,,,Hearing Eugenics
,Reimagine The Game,The Economist,2018,Sport,Sport,,,Public Engagement,Public Engagement,,,,,,,Audification,,,,https://reimaginethegame.economist.com/en/intro/,,,,,,Reimagine The Game
,Music made with Tennis Data,James Murphy,2014,Sport,Sport,,,Art,Art,,,,,,,Parameter Mapping,,,,https://www.rollingstone.com/music/music-news/hear-james-murphys-hypnotic-remix-of-a-tennis-match-195353/,,,,,,Music made with Tennis Data
,Stanley cup,Bard Edlund,2012,Sport,Sport,,,Public Engagement,Public Engagement,,,,,,,Parameter Mapping,,,n,https://goo.gl/DOiQ5W,https://goo.gl/P0zVWq,,,,,Stanley cup
,Fractions of a Second - An Olympic Musical,"Amanda Cox, The New York Times",2010,Sport,Sport,,,Data Journalism,Data Journalism,,,,,,,Parameter Mapping,,,,https://archive.nytimes.com/www.nytimes.com/interactive/2010/02/26/sports/olympics/20100226-olysymphony.html,,,,,,Fractions of a Second - An Olympic Musical
,Birdspace,Interactive Architecture Lab,2018,,Mobility,,,,Art,,,,,,,Parameter Mapping,,,n,http://www.interactivearchitecture.org/lab-projects/birdspace,,,,,,Birdspace
,Sonic Cities,Arianna Salazar Miranda and Dylan Halpern,2020,Urban studies,Urbanism,,,Public Engagement,Public Engagement,,1,,,,,Audification,,,,http://senseable.mit.edu/sonic-cities/,,,,,,Sonic Cities
,Amsterdam in and out of lockdown,Maaike van Cruchten en Frank Kloos,2020,Urbanism,Urbanism,,,Research,Research,,1,,,,,Audification,,,,https://vimeo.com/435886374,,,,,,Amsterdam in en uit lockdown geluidstekeningen
,Egypt Building Collapses,Tactical tech,2014,Urban studies,Urbanism,,,Public Engagement,Public Engagement,Public,,Player,,Yes,No,Parameter Mapping,,,,https://egyptbuildingcollapses.org/,,Sonification is an interactive webpage,https://egyptbuildingcollapses.org/,https://alternative-narratives-vis-archive.com/case_studies/egypt-building-collapses,,Egypt Building Collapses
,"U.S. Home Prices, Sung As Opera","Jacob Goldstein and David Kestenbaum, Planet Money/NPR",2011,Real Estate,Urbanism,,,Data Journalism,Data Journalism,,,,,,,Parameter Mapping,,,,https://www.npr.org/sections/money/2011/04/27/135737940/the-case-shiller-index-sung-as-opera,,,,,,U.S. Home Prices Sung As Opera
,Stadsmuziek/ Citymusic,Akko Goldenbeld,2011,Urban studies,Urbanism,,,Art,Art,,,,,,,Parameter Mapping,,,n,https://youtu.be/XdE_L-cOwM0,https://goo.gl/6m9wiF,,,,,Stadsmuziek-Citymusic
,Christina Kubisch's Electrical Walk,Christina Kubisch,2004,Urban studies,Urbanism,,,Public Engagement,Public Engagement,,,,,,,Audification,,,,http://www.christinakubisch.de/en/works/electrical_walks,,,,,,Christina Kubisch's Electrical Walk
,New York Skyline Melody,Heitor Villa-Lobos,1939,Urban studies,Urbanism,,,Art,Art,,,,,,,Parameter Mapping,,,1,https://goo.gl/8b63JS,,,,,,New York Skyline Melody
,Sonic particles 2.0 ,Kasper Fangel Skov,2015,,Urbanism,,,,Public Engagement,,,,,,,Parameter Mapping,,,n,https://www.kasperskov.dk/sonic-particles-2-0,,,,,,SonicParticles
,Saydnaya - Inside a Syrian Torture Prison,Forensic Architecture,2014,War,War,,,Forensic Investigation,Forensic ,Domain Experts,,Website,,Yes/Graphics,No,Audification,,,,https://saydnaya.amnesty.org/?kind=explore,,Sonification is an interactive webpage,https://saydnaya.amnesty.org/?kind=explore,,https://www.youtube.com/watch?v=UZpv6HAOHnE&feature=emb_title,Saydnaya - Inside a Syrian Torture Prison
,The killing of Nadeem Nawara and Mohammed Abu Daher,Forensic Architecture,2014,War,War,,,Forensic Investigation,Forensic ,Domain Experts,,,Research Lab,Yes,No,Audification,,,,https://forensic-architecture.org/investigation/the-killing-of-nadeem-nawara-and-mohammed-abu-daher,,Sonifcation is a video on the author's webpage,https://forensic-architecture.org/investigation/the-killing-of-nadeem-nawara-and-mohammed-abu-daher,,,The killing of Nadeem Nawara and Mohammed Abu Daher
,Artificial Killing Machine,Fletcher Moore,2014,War,War,,,Public Engagement,Public Engagement,,,,,,,Parameter Mapping,,,1,https://goo.gl/9kvJbp,,,,,,Artificial Killing Machine
,The Last Gun,Constantine Zlatev,2012,War,War,,,Art,Art,,,,,,,Parameter Mapping,,,n,https://goo.gl/9t5xPP,https://goo.gl/YqpFFC,,,,,The Last Gun
,Iraq Body Count,Somatic Sounds,2010,War,War,,,Public Engagement,Public Engagement,Public,,Player,,No,No,Parameter Mapping,,,,https://soundcloud.com/somatic-sounds/iraq-body-count-guillaume-potard,,Sonification is on Soundcloud,No,,,Iraq Body Count
,1945-1998,Isao Hashimoto,2003,War,War,,,Art,Art,,,,,,,Parameter Mapping,,,1,https://goo.gl/qj9jTn,,,,,,1945 to 1998
,Sound Ranging,British Army,1914,War,War,,,Data Analysis,Data Analysis,Domain Experts,,,Research Lab,No,No,Audification,,,,https://www.visualisingdata.com/2019/01/sound-ranging-and-the-end-of-war/,,"Sonification is just explained, not audible",No (there is a video explanation on the sonification page but not sure...),,https://www.iwm.org.uk/history/sound-ranging-explained,Sound Ranging
,Hard Data,Luke Dubois and Mivos Quartet,2009,,War,,,,Art,,,,,,,Parameter Mapping,,,1,https://www.lukedubois.com/projects-2/harddata,,,,,,HardData
,The Sound Of People ,David Runge,2012,,Life Sciences,Biology,,,Art,,,,,,,Parameter Mapping,,n,1,https://goo.gl/Ec7nSF,,,,,,
,Max/MSP Stock Market Sonification,Ben Craven,2010,,Finance,,,,Art,,,,,,,Parameter Mapping,,n,1,https://goo.gl/4k4Jby,,,,,,
,Sonart,"Yeo, Berger, Lee at CCRMA",2004,,n/a,,,,Research,,,,,,,Parameter Mapping,1,n,1,https://ccrma.stanford.edu/~woony/publications/Yeo_Berger_Lee-ICMC04.pdf,,,,,,
,Sonipy,David Worrall,2007,,n/a,,,,Research,,,,,,,Parameter Mapping,1,,1,http://www.sonification.com.au/sonipy/index.html,,,,,,SoniPy
,Artwonk/ Musicwonk,John Dunn,1986,,n/a,,,,Art,,,,,,,Parameter Mapping,1,n,1,https://goo.gl/hmzfm7,,,,,,
,"Solar Wind: Sounds Of Space, Stereo Spectro",David Bithell and Roberto Morales,2011,,Physical Sciences,Astronomy,,,Education,,,,,,,Parameter Mapping,1,n,1,http://cse.ssl.berkeley.edu/stereo_solarwind/sounds_programs.html,,,,,,
,Sonification Sandbox,"Psychology Department's Sonification Lab at the Georgia Institute of Technology, Bruce Walker",2002,,n/a,,,,Research,,,,,,,Parameter Mapping,1,n,1,https://goo.gl/5a0s2N,,,,,,
,PriceSquawk,PriceSquawk Audible Market Technology,2011,,Finance,,,,Data Analysis,,,,,,,Parameter Mapping,1,n,1,https://www.pricesquawk.com/,,,,,,
,audiolyzR: Give Your Data a Listen,Eric Stone and Jesse Garrison ,2012,,n/a,,,,Research,,,,,,,Parameter Mapping,1,n,1,https://rdrr.io/cran/audiolyzR/,,,,,,
,Music Algorithms,"Jonathan N. Middleton, Andrew Cobb, Michael Henry, Robert Lyon, and Ian Siemer",2005,,n/a,,,,Research,,,,,,,Parameter Mapping,1,n,1,http://www.musicalgorithms.org/3.2/#welcome,,,,,,
,Two Tone,DataVized Technology and Google News Initiative,2019,,n/a,,,,Research,,,,,,,Parameter Mapping,1,,,https://twotone.io/,,,,,,TwoTone
,DataScapr,Samuel Van Ransbeeck,2014,,Finance,,,,Data Analysis,,,,,,,Parameter Mapping,1,,,https://datascapr.wordpress.com/2014/12/19/introducing-datascapr/,,,,,,DataScapR
